target,model,MAE,RMSE,CV_MAE
medals_total,random_forest,6.0989946585881825,17.667502594195014,6.0274804883888615
medals_total,linear_regression,7.935098814499957,14.936227302424511,8.139372500507397
